player_name,reason,draft_year,candidate_birth_dates,candidate_teams
Nicolas Batum,no_college_match,2008,,
Mike Taylor,no_college_match,2008,NaT,Marist
Goran Dragić,no_college_match,2008,,
Danilo Gallinari,no_college_match,2008,,
Alexis Ajinça,no_college_match,2008,,
Nathan Jawai,no_college_match,2008,,
Brandon Jennings,no_college_match,2009,NaT,VCU
Jonas Jerebko,no_college_match,2009,,
Omri Casspi,no_college_match,2009,,
Serge Ibaka,no_college_match,2008,,
Rodrigue Beaubois,no_college_match,2009,,
Ömer Aşık,no_college_match,2008,,
Christian Eyenga,no_college_match,2009,,
Nikola Peković,no_college_match,2008,,
Kevin Séraphin,no_college_match,2010,,
Semih Erden,no_college_match,2008,,
Pape Sy,no_college_match,2010,,
Bismack Biyombo,no_college_match,2011,,
Ricky Rubio,no_college_match,2009,,
Jan Veselý,no_college_match,2011,,
Enes Freedom,no_college_match,2011,,
Jeremy Tyler,no_college_match,2011,,
Jonas Valančiūnas,no_college_match,2011,,
Nando De Colo,no_college_match,2009,,
Victor Claver,no_college_match,2009,,
Donatas Motiejūnas,no_college_match,2011,,
Evan Fournier,no_college_match,2012,,
Tornike Shengelia,no_college_match,2012,,
Giannis Antetokounmpo,no_college_match,2013,,
Dennis Schröder,no_college_match,2013,,
Rudy Gobert,no_college_match,2013,,
Sergey Karasev,no_college_match,2013,,
Nemanja Nedović,no_college_match,2013,,
Ognjen Kuzmić,no_college_match,2012,,
Ricky Ledo,no_college_match,2013,,
Bojan Bogdanović,no_college_match,2011,,
Danté Exum,no_college_match,2014,,
Nikola Mirotić,no_college_match,2011,,
Jusuf Nurkić,no_college_match,2014,,
Kostas Papanikolaou,no_college_match,2012,,
Furkan Aldemir,no_college_match,2012,,
Joffrey Lauvergne,no_college_match,2013,,
Clint Capela,no_college_match,2014,,
Bruno Caboclo,no_college_match,2014,,
Lucas Nogueira,no_college_match,2013,,
Emmanuel Mudiay,no_college_match,2015,,
Kristaps Porziņģis,no_college_match,2015,,
Nikola Jokić,no_college_match,2014,,
Raul Neto,no_college_match,2013,,
Mario Hezonja,no_college_match,2015,,
Damien Inglis,no_college_match,2014,,
Edy Tavares,no_college_match,2014,,
Thanasis Antetokounmpo,no_college_match,2014,,
Dario Šarić,no_college_match,2014,,
Willy Hernangómez,no_college_match,2015,,
Timothé Luwawu-Cabarrot,no_college_match,2016,,
Álex Abrines,no_college_match,2013,,
Paul Zipser,no_college_match,2016,,
Juancho Hernangómez,no_college_match,2016,,
Tomáš Satoranský,no_college_match,2012,,
Ivica Zubac,no_college_match,2016,,
Dragan Bender,no_college_match,2016,,
Thon Maker,no_college_match,2016,,
Georgios Papagiannis,no_college_match,2016,,
Bogdan Bogdanović,no_college_match,2014,,
Frank Ntilikina,no_college_match,2017,,
Terrance Ferguson,no_college_match,2017,,
Cedi Osman,no_college_match,2015,,
Guerschon Yabusele,no_college_match,2016,,
Ante Žižić,no_college_match,2016,,
Zhou Qi,no_college_match,2016,,
Furkan Korkmaz,no_college_match,2016,,
Luka Dončić,no_college_match,2018,,
Mitchell Robinson,no_college_match,2018,,
Rodions Kurucs,no_college_match,2018,,
Elie Okobo,no_college_match,2018,,
Isaiah Hartenstein,no_college_match,2017,,
Anfernee Simons,no_college_match,2018,,
Isaac Bonga,no_college_match,2018,,
Džanan Musa,no_college_match,2018,,
Darius Bazley,no_college_match,2019,,
Sekou Doumbouya,no_college_match,2019,,
Goga Bitadze,no_college_match,2019,,
Anžejs Pasečņiks,no_college_match,2017,,
Alen Smailagić,no_college_match,2019,,
Luka Šamanić,no_college_match,2019,,
Vlatko Čančar,no_college_match,2017,,
Théo Maledon,no_college_match,2020,,
LaMelo Ball,no_college_match,2020,,
Deni Avdija,no_college_match,2020,,
Aleksej Pokusevski,no_college_match,2020,,
KJ Martin,no_college_match,2020,NaT,Tulsa
R.J. Hampton,no_college_match,2020,,
Killian Hayes,no_college_match,2020,,
Deividas Sirvydis,no_college_match,2019,,
Jay Scrubb,no_college_match,2020,,
Didi Louzada,no_college_match,2019,,
Jalen Green,no_college_match,2021,,
Josh Giddey,no_college_match,2021,,
Alperen Şengün,no_college_match,2021,,
Jonathan Kuminga,no_college_match,2021,,
Vít Krejčí,no_college_match,2020,,
Leandro Bolmaro,no_college_match,2020,,
Usman Garuba,no_college_match,2021,,
Georgios Kalaitzakis,no_college_match,2021,,
Isaiah Todd,no_college_match,2021,,
Marko Simonovic,no_college_match,2020,,
Arnoldas Kulboka,no_college_match,2018,,
Shaedon Sharpe,no_college_match,2022,,
Dyson Daniels,no_college_match,2022,,
Jaden Hardy,no_college_match,2022,,
MarJon Beauchamp,no_college_match,2022,,
Ousmane Dieng,no_college_match,2022,,
Nikola Jović,no_college_match,2022,,
Victor Wembanyama,no_college_match,2023,,
Scoot Henderson,no_college_match,2023,,
Bilal Coulibaly,no_college_match,2023,,
Ausar Thompson,no_college_match,2023,,
Amen Thompson,no_college_match,2023,,
Rayan Rupert,no_college_match,2023,,
Gui Santos,no_college_match,2022,,
Tristan Vukcevic,no_college_match,2023,,
Sidy Cissoko,no_college_match,2023,,
Leonard Miller,no_college_match,2023,,
Zaccharie Risacher,no_college_match,2024,,
Alex Sarr,no_college_match,2024,,
Matas Buzelis,no_college_match,2024,,
Ron Holland,no_college_match,2024,,
Tidjane Salaün,no_college_match,2024,,
Karlo Matković,no_college_match,2022,,
AJ Johnson,no_college_match,2024,,
Ariel Hukporti,no_college_match,2024,,
Tyler Smith,no_college_match,2024,NaT,Tennessee|USC Upstate
Pacôme Dadiet,no_college_match,2024,,
Luke Travers,no_college_match,2022,,
Ulrich Chomche,no_college_match,2024,,
Nolan Traoré,no_college_match,2025,,
Hugo González,no_college_match,2025,,
Ben Saraf,no_college_match,2025,,
Noah Penda,no_college_match,2025,,
Mohamed Diawara,no_college_match,2025,,
Joan Beringer,no_college_match,2025,,
Yang Hansen,no_college_match,2025,,
Nikola Topić,no_college_match,2024,,
Rocco Zikarsky,no_college_match,2025,,
Noa Essengue,no_college_match,2025,,
Ante Tomić,no_college_match,2008,,
Tadija Dragićević,no_college_match,2008,,
Sergio Llull,no_college_match,2009,,
Henk Norel,no_college_match,2009,,
Sergiy Gladyr,no_college_match,2009,,
Emir Preldžić,no_college_match,2009,,
Tibor Pleiß,no_college_match,2010,,
Nemanja Bjelica,no_college_match,2010,,
Paulão Prestes,no_college_match,2010,,
Latavious Williams,no_college_match,2010,,
Ryan Richards,no_college_match,2010,,
Dāvis Bertāns,no_college_match,2011,,
Milan Mačvan,no_college_match,2011,,
Chukwudiebere Maduabum,no_college_match,2011,,
Tanguy Ngombo,no_college_match,2011,,
Ádám Hanga,no_college_match,2011,,
İzzet Türkyılmaz,no_college_match,2012,,
Tomislav Zubčić,no_college_match,2012,,
İlkan Karaman,no_college_match,2012,,
Livio Jean-Charles,no_college_match,2013,,
Marko Todorović,no_college_match,2013,,
Bojan Dubljević,no_college_match,2013,,
Jānis Timma,no_college_match,2013,,
Vasilije Micić,no_college_match,2014,,
Alessandro Gentile,no_college_match,2014,,
Nemanja Dangubić,no_college_match,2014,,
Louis Labeyrie,no_college_match,2014,,
Nikola Milutinov,no_college_match,2015,,
Juan Pablo Vaulet,no_college_match,2015,,
Artūras Gudaitis,no_college_match,2015,,
Marcus Eriksson,no_college_match,2015,,
Satnam Singh,no_college_match,2015,,
Dani Díez,no_college_match,2015,,
Nikola Radičević,no_college_match,2015,,
Dimitrios Agravanis,no_college_match,2015,,
Luka Mitrović,no_college_match,2015,,
Rade Zagorac,no_college_match,2016,,
David Michineau,no_college_match,2016,,
Isaïa Cordinier,no_college_match,2016,,
Petr Cornelie,no_college_match,2016,,
Wang Zhelin,no_college_match,2016,,
Mathias Lessort,no_college_match,2017,,
Sasha Vezenkov,no_college_match,2017,,
Ognjen Jaramaz,no_college_match,2017,,
Alpha Kaba,no_college_match,2017,,
Issuf Sanon,no_college_match,2018,,
Vanja Marinković,no_college_match,2019,,
Yam Madar,no_college_match,2020,,
Rokas Jokubaitis,no_college_match,2021,,
Juhann Begarin,no_college_match,2021,,
Gabriele Procida,no_college_match,2022,,
Khalifa Diop,no_college_match,2022,,
Ismael Kamagate,no_college_match,2022,,
Matteo Spagnolo,no_college_match,2022,,
Yannick Nzosa,no_college_match,2022,,
Hugo Besson,no_college_match,2022,,
